[{"model": "admin.logentry", "pk": 1, "fields": {"action_time": "2021-02-27T11:30:33.527Z", "user": 2, "content_type": 4, "object_id": "1", "object_repr": "ElJefe111944", "action_flag": 3, "change_message": ""}}, {"model": "admin.logentry", "pk": 2, "fields": {"action_time": "2021-02-27T11:31:30.726Z", "user": 2, "content_type": 7, "object_id": "1", "object_repr": "timekeepers.example.com", "action_flag": 2, "change_message": "[{\"changed\": {\"fields\": [\"Domain name\", \"Display name\"]}}]"}}, {"model": "admin.logentry", "pk": 3, "fields": {"action_time": "2021-02-27T11:40:05.366Z", "user": 2, "content_type": 8, "object_id": "1", "object_repr": "jamesfarr1@sky.com", "action_flag": 2, "change_message": "[{\"changed\": {\"fields\": [\"Verified\", \"Primary\"]}}]"}}, {"model": "admin.logentry", "pk": 4, "fields": {"action_time": "2021-03-01T07:56:53.254Z", "user": 2, "content_type": 13, "object_id": "1", "object_repr": "rolex", "action_flag": 1, "change_message": "[{\"added\": {}}]"}}, {"model": "admin.logentry", "pk": 5, "fields": {"action_time": "2021-03-01T17:26:59.286Z", "user": 2, "content_type": 13, "object_id": "1", "object_repr": "rolex", "action_flag": 2, "change_message": "[{\"changed\": {\"fields\": [\"Image\"]}}]"}}, {"model": "admin.logentry", "pk": 6, "fields": {"action_time": "2021-03-01T17:40:34.402Z", "user": 2, "content_type": 13, "object_id": "2", "object_repr": "seiko", "action_flag": 1, "change_message": "[{\"added\": {}}]"}}, {"model": "admin.logentry", "pk": 7, "fields": {"action_time": "2021-03-01T17:41:09.262Z", "user": 2, "content_type": 13, "object_id": "3", "object_repr": "fossil", "action_flag": 1, "change_message": "[{\"added\": {}}]"}}, {"model": "admin.logentry", "pk": 8, "fields": {"action_time": "2021-03-01T17:49:20.263Z", "user": 2, "content_type": 13, "object_id": "4", "object_repr": "omega", "action_flag": 1, "change_message": "[{\"added\": {}}]"}}, {"model": "admin.logentry", "pk": 9, "fields": {"action_time": "2021-03-01T17:49:55.697Z", "user": 2, "content_type": 13, "object_id": "1", "object_repr": "rolex", "action_flag": 2, "change_message": "[{\"changed\": {\"fields\": [\"Image\"]}}]"}}, {"model": "admin.logentry", "pk": 10, "fields": {"action_time": "2021-03-01T17:50:29.826Z", "user": 2, "content_type": 13, "object_id": "5", "object_repr": "casio", "action_flag": 1, "change_message": "[{\"added\": {}}]"}}, {"model": "admin.logentry", "pk": 11, "fields": {"action_time": "2021-03-02T08:07:34.464Z", "user": 2, "content_type": 14, "object_id": "1", "object_repr": "GMT-MASTER II", "action_flag": 1, "change_message": "[{\"added\": {}}]"}}, {"model": "admin.logentry", "pk": 12, "fields": {"action_time": "2021-03-02T08:28:07.429Z", "user": 2, "content_type": 14, "object_id": "1", "object_repr": "GMT-MASTER II", "action_flag": 2, "change_message": "[{\"changed\": {\"fields\": [\"Price\"]}}]"}}, {"model": "admin.logentry", "pk": 13, "fields": {"action_time": "2021-03-02T08:36:28.206Z", "user": 2, "content_type": 14, "object_id": "2", "object_repr": "Seiko Astron GPS Solar", "action_flag": 1, "change_message": "[{\"added\": {}}]"}}, {"model": "admin.logentry", "pk": 14, "fields": {"action_time": "2021-03-02T09:07:17.715Z", "user": 2, "content_type": 14, "object_id": "3", "object_repr": "DIVER 300M- CO-AXIAL MASTER CHRONOMETER CHRONOGRAPH 44 MM 210.30.44.51.03.002 CO‑AXIAL MASTER CHRONOMETER CHRONOGRAPH 44 MM", "action_flag": 1, "change_message": "[{\"added\": {}}]"}}, {"model": "admin.logentry", "pk": 15, "fields": {"action_time": "2021-03-02T11:05:28.181Z", "user": 2, "content_type": 14, "object_id": "2", "object_repr": "Seiko Astron GPS Solar", "action_flag": 2, "change_message": "[]"}}, {"model": "admin.logentry", "pk": 16, "fields": {"action_time": "2021-03-02T11:05:35.938Z", "user": 2, "content_type": 14, "object_id": "1", "object_repr": "GMT-MASTER II", "action_flag": 2, "change_message": "[]"}}, {"model": "admin.logentry", "pk": 17, "fields": {"action_time": "2021-03-03T07:02:12.824Z", "user": 2, "content_type": 15, "object_id": "1", "object_repr": "men", "action_flag": 1, "change_message": "[{\"added\": {}}]"}}, {"model": "admin.logentry", "pk": 18, "fields": {"action_time": "2021-03-03T07:02:33.420Z", "user": 2, "content_type": 15, "object_id": "2", "object_repr": "women", "action_flag": 1, "change_message": "[{\"added\": {}}]"}}, {"model": "admin.logentry", "pk": 19, "fields": {"action_time": "2021-03-03T07:34:52.133Z", "user": 2, "content_type": 14, "object_id": "1", "object_repr": "GMT-MASTER II", "action_flag": 2, "change_message": "[{\"changed\": {\"fields\": [\"Category\"]}}]"}}, {"model": "admin.logentry", "pk": 20, "fields": {"action_time": "2021-03-03T07:35:03.095Z", "user": 2, "content_type": 14, "object_id": "2", "object_repr": "Seiko Astron GPS Solar", "action_flag": 2, "change_message": "[{\"changed\": {\"fields\": [\"Category\"]}}]"}}, {"model": "admin.logentry", "pk": 21, "fields": {"action_time": "2021-03-03T07:36:32.265Z", "user": 2, "content_type": 14, "object_id": "3", "object_repr": "DIVER 300M- CO-AXIAL MASTER CHRONOMETER CHRONOGRAPH 44 MM 210.30.44.51.03.002 CO‑AXIAL MASTER CHRONOMETER CHRONOGRAPH 44 MM", "action_flag": 2, "change_message": "[{\"changed\": {\"fields\": [\"Category\"]}}]"}}, {"model": "admin.logentry", "pk": 22, "fields": {"action_time": "2021-03-03T18:18:11.634Z", "user": 2, "content_type": 14, "object_id": "1", "object_repr": "GMT-MASTER II", "action_flag": 2, "change_message": "[{\"changed\": {\"fields\": [\"Rating\"]}}]"}}, {"model": "admin.logentry", "pk": 23, "fields": {"action_time": "2021-03-03T18:18:17.212Z", "user": 2, "content_type": 14, "object_id": "1", "object_repr": "GMT-MASTER II", "action_flag": 2, "change_message": "[]"}}, {"model": "admin.logentry", "pk": 24, "fields": {"action_time": "2021-03-03T18:19:02.813Z", "user": 2, "content_type": 14, "object_id": "2", "object_repr": "Seiko Astron GPS Solar", "action_flag": 2, "change_message": "[]"}}, {"model": "admin.logentry", "pk": 25, "fields": {"action_time": "2021-03-03T18:19:12.652Z", "user": 2, "content_type": 14, "object_id": "3", "object_repr": "DIVER 300M- CO-AXIAL MASTER CHRONOMETER CHRONOGRAPH 44 MM 210.30.44.51.03.002 CO‑AXIAL MASTER CHRONOMETER CHRONOGRAPH 44 MM", "action_flag": 2, "change_message": "[{\"changed\": {\"fields\": [\"Rating\"]}}]"}}, {"model": "admin.logentry", "pk": 26, "fields": {"action_time": "2021-03-04T06:58:28.446Z", "user": 2, "content_type": 14, "object_id": "1", "object_repr": "GMT-MASTER II", "action_flag": 2, "change_message": "[]"}}, {"model": "admin.logentry", "pk": 27, "fields": {"action_time": "2021-03-04T06:58:49.697Z", "user": 2, "content_type": 14, "object_id": "2", "object_repr": "Seiko Astron GPS Solar", "action_flag": 2, "change_message": "[{\"changed\": {\"fields\": [\"Rating\"]}}]"}}, {"model": "admin.logentry", "pk": 28, "fields": {"action_time": "2021-03-04T06:58:59.536Z", "user": 2, "content_type": 14, "object_id": "3", "object_repr": "DIVER 300M- CO-AXIAL MASTER CHRONOMETER CHRONOGRAPH 44 MM 210.30.44.51.03.002 CO‑AXIAL MASTER CHRONOMETER CHRONOGRAPH 44 MM", "action_flag": 2, "change_message": "[]"}}, {"model": "admin.logentry", "pk": 29, "fields": {"action_time": "2021-03-04T06:59:09.537Z", "user": 2, "content_type": 14, "object_id": "2", "object_repr": "Seiko Astron GPS Solar", "action_flag": 2, "change_message": "[]"}}, {"model": "admin.logentry", "pk": 30, "fields": {"action_time": "2021-03-04T06:59:16.881Z", "user": 2, "content_type": 14, "object_id": "1", "object_repr": "GMT-MASTER II", "action_flag": 2, "change_message": "[]"}}, {"model": "admin.logentry", "pk": 31, "fields": {"action_time": "2021-03-10T08:18:27.965Z", "user": 2, "content_type": 16, "object_id": "3", "object_repr": "C35A0668AD9C4FC4BAE6356368687C0E", "action_flag": 2, "change_message": "[{\"changed\": {\"name\": \"order line item\", \"object\": \"SKU WAT-MED-SIL-MET-1 on order C35A0668AD9C4FC4BAE6356368687C0E\", \"fields\": [\"Quantity\"]}}]"}}, {"model": "admin.logentry", "pk": 32, "fields": {"action_time": "2021-03-10T08:19:16.991Z", "user": 2, "content_type": 16, "object_id": "3", "object_repr": "C35A0668AD9C4FC4BAE6356368687C0E", "action_flag": 2, "change_message": "[{\"deleted\": {\"name\": \"order line item\", \"object\": \"SKU WAT-MED-SIL-MET-1 on order C35A0668AD9C4FC4BAE6356368687C0E\"}}]"}}, {"model": "admin.logentry", "pk": 33, "fields": {"action_time": "2021-03-10T08:19:46.409Z", "user": 2, "content_type": 16, "object_id": "3", "object_repr": "C35A0668AD9C4FC4BAE6356368687C0E", "action_flag": 3, "change_message": ""}}, {"model": "admin.logentry", "pk": 34, "fields": {"action_time": "2021-03-10T08:20:00.198Z", "user": 2, "content_type": 16, "object_id": "2", "object_repr": "ED41913A62854E5EA97CDE5F40BE1E39", "action_flag": 3, "change_message": ""}}, {"model": "admin.logentry", "pk": 35, "fields": {"action_time": "2021-03-10T08:20:00.297Z", "user": 2, "content_type": 16, "object_id": "1", "object_repr": "365107B5ED414EBA86709686121056DA", "action_flag": 3, "change_message": ""}}, {"model": "admin.logentry", "pk": 36, "fields": {"action_time": "2021-03-15T17:44:56.839Z", "user": 2, "content_type": 14, "object_id": "3", "object_repr": "DIVER 300M- CO-AXIAL MASTER CHRONOMETER CHRONOGRAPH 44 MM 210.30.44.51.03.002 CO‑AXIAL MASTER CHRONOMETER CHRONOGRAPH 44 MM", "action_flag": 3, "change_message": ""}}, {"model": "admin.logentry", "pk": 37, "fields": {"action_time": "2021-03-15T17:44:56.862Z", "user": 2, "content_type": 14, "object_id": "4", "object_repr": "Test1", "action_flag": 3, "change_message": ""}}, {"model": "admin.logentry", "pk": 38, "fields": {"action_time": "2021-03-15T17:44:56.882Z", "user": 2, "content_type": 14, "object_id": "5", "object_repr": "Test2", "action_flag": 3, "change_message": ""}}, {"model": "admin.logentry", "pk": 39, "fields": {"action_time": "2021-03-16T06:51:34.420Z", "user": 2, "content_type": 14, "object_id": "1", "object_repr": "GMT-MASTER II", "action_flag": 2, "change_message": "[{\"changed\": {\"fields\": [\"Label\"]}}]"}}, {"model": "admin.logentry", "pk": 40, "fields": {"action_time": "2021-03-16T06:56:54.647Z", "user": 2, "content_type": 14, "object_id": "1", "object_repr": "GMT-MASTER II", "action_flag": 2, "change_message": "[]"}}, {"model": "admin.logentry", "pk": 41, "fields": {"action_time": "2021-03-16T06:57:04.043Z", "user": 2, "content_type": 14, "object_id": "2", "object_repr": "Seiko Astron GPS Solar", "action_flag": 2, "change_message": "[{\"changed\": {\"fields\": [\"Label\"]}}]"}}, {"model": "admin.logentry", "pk": 42, "fields": {"action_time": "2021-03-16T06:58:02.921Z", "user": 2, "content_type": 14, "object_id": "1", "object_repr": "GMT-MASTER II", "action_flag": 2, "change_message": "[{\"changed\": {\"fields\": [\"Label\"]}}]"}}, {"model": "admin.logentry", "pk": 43, "fields": {"action_time": "2021-03-16T07:07:35.273Z", "user": 2, "content_type": 14, "object_id": "1", "object_repr": "GMT-MASTER II", "action_flag": 2, "change_message": "[]"}}, {"model": "admin.logentry", "pk": 44, "fields": {"action_time": "2021-03-16T07:12:39.311Z", "user": 2, "content_type": 14, "object_id": "2", "object_repr": "Seiko Astron GPS Solar", "action_flag": 2, "change_message": "[{\"changed\": {\"fields\": [\"Label\"]}}]"}}, {"model": "admin.logentry", "pk": 45, "fields": {"action_time": "2021-03-20T11:13:12.290Z", "user": 2, "content_type": 19, "object_id": "1", "object_repr": "My First Blof | ElJefe", "action_flag": 1, "change_message": "[{\"added\": {}}]"}}, {"model": "admin.logentry", "pk": 46, "fields": {"action_time": "2021-03-20T11:14:14.176Z", "user": 2, "content_type": 19, "object_id": "2", "object_repr": "Mi Segundo Blog | ElJefe", "action_flag": 1, "change_message": "[{\"added\": {}}]"}}, {"model": "admin.logentry", "pk": 47, "fields": {"action_time": "2021-03-20T11:14:23.097Z", "user": 2, "content_type": 19, "object_id": "1", "object_repr": "My First Blog | ElJefe", "action_flag": 2, "change_message": "[{\"changed\": {\"fields\": [\"Title\"]}}]"}}, {"model": "admin.logentry", "pk": 48, "fields": {"action_time": "2021-03-20T14:37:53.214Z", "user": 2, "content_type": 19, "object_id": "1", "object_repr": "My First Blog | ElJefe", "action_flag": 2, "change_message": "[]"}}, {"model": "admin.logentry", "pk": 49, "fields": {"action_time": "2021-03-21T12:47:11.796Z", "user": 2, "content_type": 19, "object_id": "1", "object_repr": "My First Blog | ElJefe", "action_flag": 3, "change_message": ""}}, {"model": "admin.logentry", "pk": 50, "fields": {"action_time": "2021-03-21T12:47:26.230Z", "user": 2, "content_type": 19, "object_id": "2", "object_repr": "Mi Segundo Blog | ElJefe", "action_flag": 3, "change_message": ""}}, {"model": "admin.logentry", "pk": 51, "fields": {"action_time": "2021-03-21T14:05:50.723Z", "user": 2, "content_type": 20, "object_id": "1", "object_repr": "/blog/", "action_flag": 1, "change_message": "[{\"added\": {}}]"}}, {"model": "admin.logentry", "pk": 52, "fields": {"action_time": "2021-03-21T14:07:32.318Z", "user": 2, "content_type": 20, "object_id": "2", "object_repr": "/blog/", "action_flag": 1, "change_message": "[{\"added\": {}}]"}}, {"model": "admin.logentry", "pk": 53, "fields": {"action_time": "2021-03-21T14:07:55.992Z", "user": 2, "content_type": 20, "object_id": "2", "object_repr": "/blog/", "action_flag": 3, "change_message": ""}}, {"model": "admin.logentry", "pk": 54, "fields": {"action_time": "2021-03-21T14:10:26.245Z", "user": 2, "content_type": 20, "object_id": "1", "object_repr": "/blog/", "action_flag": 2, "change_message": "[]"}}, {"model": "admin.logentry", "pk": 55, "fields": {"action_time": "2021-03-21T14:11:23.278Z", "user": 2, "content_type": 20, "object_id": "3", "object_repr": "/blog/", "action_flag": 1, "change_message": "[{\"added\": {}}]"}}, {"model": "admin.logentry", "pk": 56, "fields": {"action_time": "2021-03-21T14:11:49.544Z", "user": 2, "content_type": 20, "object_id": "4", "object_repr": "/blog/", "action_flag": 1, "change_message": "[{\"added\": {}}]"}}, {"model": "admin.logentry", "pk": 57, "fields": {"action_time": "2021-03-21T14:12:01.623Z", "user": 2, "content_type": 20, "object_id": "5", "object_repr": "/blog/", "action_flag": 1, "change_message": "[{\"added\": {}}]"}}, {"model": "admin.logentry", "pk": 58, "fields": {"action_time": "2021-03-22T22:29:22.475Z", "user": 2, "content_type": 19, "object_id": "9", "object_repr": "First Blog from a different user | blackcurrants2@gmail.com", "action_flag": 2, "change_message": "[{\"changed\": {\"fields\": [\"Subheading3\", \"Main content3\", \"Main content extra\"]}}]"}}, {"model": "admin.logentry", "pk": 59, "fields": {"action_time": "2021-03-23T19:16:26.203Z", "user": 2, "content_type": 19, "object_id": "9", "object_repr": "First Blog from a different user | blackcurrants2@gmail.com", "action_flag": 2, "change_message": "[{\"changed\": {\"fields\": [\"Likes\"]}}]"}}, {"model": "admin.logentry", "pk": 60, "fields": {"action_time": "2021-03-23T19:21:56.880Z", "user": 2, "content_type": 4, "object_id": "4", "object_repr": "tivena5664@990ys.com", "action_flag": 3, "change_message": ""}}, {"model": "admin.logentry", "pk": 61, "fields": {"action_time": "2021-03-24T08:28:11.991Z", "user": 2, "content_type": 19, "object_id": "9", "object_repr": "First Blog from a different user | blackcurrants2@gmail.com", "action_flag": 2, "change_message": "[{\"changed\": {\"fields\": [\"Likes\"]}}]"}}, {"model": "admin.logentry", "pk": 62, "fields": {"action_time": "2021-03-24T08:28:34.915Z", "user": 2, "content_type": 19, "object_id": "9", "object_repr": "First Blog from a different user | blackcurrants2@gmail.com", "action_flag": 2, "change_message": "[]"}}, {"model": "admin.logentry", "pk": 63, "fields": {"action_time": "2021-03-24T22:29:45.364Z", "user": 2, "content_type": 8, "object_id": "6", "object_repr": "yoyana3647@irahada.com", "action_flag": 2, "change_message": "[{\"changed\": {\"fields\": [\"Verified\"]}}]"}}, {"model": "admin.logentry", "pk": 64, "fields": {"action_time": "2021-03-25T00:35:59.995Z", "user": 2, "content_type": 19, "object_id": "1", "object_repr": "My First Blog | blackcurrants2@gmail.com", "action_flag": 1, "change_message": "[{\"added\": {}}]"}}, {"model": "admin.logentry", "pk": 65, "fields": {"action_time": "2021-03-26T09:33:16.802Z", "user": 2, "content_type": 13, "object_id": "6", "object_repr": "panerai", "action_flag": 1, "change_message": "[{\"added\": {}}]"}}, {"model": "admin.logentry", "pk": 66, "fields": {"action_time": "2021-03-26T09:33:39.285Z", "user": 2, "content_type": 13, "object_id": "6", "object_repr": "panerai", "action_flag": 2, "change_message": "[{\"changed\": {\"fields\": [\"Image\"]}}]"}}, {"model": "admin.logentry", "pk": 67, "fields": {"action_time": "2021-03-26T18:55:09.620Z", "user": 2, "content_type": 13, "object_id": "7", "object_repr": "dw", "action_flag": 1, "change_message": "[{\"added\": {}}]"}}, {"model": "admin.logentry", "pk": 68, "fields": {"action_time": "2021-03-27T12:00:16.494Z", "user": 2, "content_type": 19, "object_id": "2", "object_repr": "Mi Segundo Blog | ElJefe", "action_flag": 2, "change_message": "[{\"changed\": {\"fields\": [\"Likes\"]}}]"}}, {"model": "admin.logentry", "pk": 69, "fields": {"action_time": "2021-03-27T12:05:31.302Z", "user": 2, "content_type": 19, "object_id": "2", "object_repr": "Mi Segundo Blog | ElJefe", "action_flag": 2, "change_message": "[{\"changed\": {\"fields\": [\"Likes\"]}}]"}}, {"model": "admin.logentry", "pk": 70, "fields": {"action_time": "2021-03-27T12:34:30.309Z", "user": 2, "content_type": 19, "object_id": "2", "object_repr": "Mi Segundo Blog | ElJefe", "action_flag": 2, "change_message": "[]"}}, {"model": "admin.logentry", "pk": 71, "fields": {"action_time": "2021-03-27T14:43:39.921Z", "user": 2, "content_type": 22, "object_id": "1", "object_repr": "My First Blog - Test1", "action_flag": 1, "change_message": "[{\"added\": {}}]"}}, {"model": "admin.logentry", "pk": 72, "fields": {"action_time": "2021-03-27T15:08:14.664Z", "user": 2, "content_type": 22, "object_id": "2", "object_repr": "My First Blog - Test2", "action_flag": 1, "change_message": "[{\"added\": {}}]"}}, {"model": "admin.logentry", "pk": 73, "fields": {"action_time": "2021-03-29T12:44:39.637Z", "user": 2, "content_type": 14, "object_id": "4", "object_repr": "Rolex", "action_flag": 2, "change_message": "[]"}}, {"model": "admin.logentry", "pk": 74, "fields": {"action_time": "2021-03-29T13:29:32.230Z", "user": 2, "content_type": 23, "object_id": "1", "object_repr": "This is my first review", "action_flag": 1, "change_message": "[{\"added\": {}}]"}}, {"model": "admin.logentry", "pk": 75, "fields": {"action_time": "2021-03-29T14:09:04.970Z", "user": 2, "content_type": 23, "object_id": "1", "object_repr": "Lorem Ipsum dolor sit amet, consectetur adipiscing elit, sed do eiusmod tempor incididunt ut labore et dolore magna aliqua. Ut enim ad minim veniam, quis nostrud exercitation ullamco laboris nisi ut a", "action_flag": 2, "change_message": "[{\"changed\": {\"fields\": [\"Review\", \"Rating\"]}}]"}}, {"model": "admin.logentry", "pk": 76, "fields": {"action_time": "2021-03-29T14:15:53.341Z", "user": 2, "content_type": 14, "object_id": "4", "object_repr": "Rolex", "action_flag": 2, "change_message": "[]"}}, {"model": "auth.user", "pk": 2, "fields": {"password": "pbkdf2_sha256$216000$ee0k7BhTqfRC$LE5+nl1te9k2zLxNRWPW0K1Gvds/6gVA/mKSNchnZes=", "last_login": "2021-03-29T21:17:12.060Z", "is_superuser": true, "username": "ElJefe", "first_name": "", "last_name": "", "email": "jamesfarr1@sky.com", "is_staff": true, "is_active": true, "date_joined": "2021-02-27T11:25:01.262Z", "groups": [], "user_permissions": []}}, {"model": "auth.user", "pk": 3, "fields": {"password": "pbkdf2_sha256$216000$EJwJJB9Hci5U$TNVks4qFaUz/I0LlR1aHeEqcgMfdy5P4dlPUhu8JWvw=", "last_login": "2021-03-14T08:21:46.729Z", "is_superuser": false, "username": "test@test.com", "first_name": "", "last_name": "", "email": "test@test.com", "is_staff": false, "is_active": true, "date_joined": "2021-03-13T14:14:16.949Z", "groups": [], "user_permissions": []}}, {"model": "auth.user", "pk": 5, "fields": {"password": "pbkdf2_sha256$216000$eEP0LmZFel95$6VM5luUyN/XRVwfGKxUVQZD5VBSgefhu44Q4OaiOWXE=", "last_login": "2021-03-27T12:00:35.835Z", "is_superuser": false, "username": "blackcurrants2@gmail.com", "first_name": "", "last_name": "", "email": "blackcurrants2@gmail.com", "is_staff": false, "is_active": true, "date_joined": "2021-03-18T18:03:10.602Z", "groups": [], "user_permissions": []}}, {"model": "auth.user", "pk": 6, "fields": {"password": "pbkdf2_sha256$216000$YaXJqVSSMMg9$m9dO6AFMmuIviyN0OiCSRuMWW/DP7+7dP7V2eTpIRSM=", "last_login": null, "is_superuser": false, "username": "jjj@example.com", "first_name": "", "last_name": "", "email": "jjj@example.com", "is_staff": false, "is_active": true, "date_joined": "2021-03-24T22:24:31.718Z", "groups": [], "user_permissions": []}}, {"model": "auth.user", "pk": 7, "fields": {"password": "pbkdf2_sha256$216000$xkmwg83p0BZZ$OF8MSAjOvF9OvibhJFSYy2APgTWYxgj4iwtP8AHO9TY=", "last_login": "2021-03-24T22:33:25.551Z", "is_superuser": false, "username": "yoyana3647", "first_name": "", "last_name": "", "email": "yoyana3647@irahada.com", "is_staff": false, "is_active": true, "date_joined": "2021-03-24T22:25:35.197Z", "groups": [], "user_permissions": []}}, {"model": "auth.user", "pk": 8, "fields": {"password": "pbkdf2_sha256$216000$xJ87oLXZAALx$+N25/51tyWAI9hr9OUPKLizBJLczCSbEn0zHaQjGAbA=", "last_login": null, "is_superuser": false, "username": "Test1", "first_name": "", "last_name": "", "email": "tupsovuste@biyac.com", "is_staff": false, "is_active": true, "date_joined": "2021-03-28T17:45:08.121Z", "groups": [], "user_permissions": []}}, {"model": "auth.user", "pk": 9, "fields": {"password": "pbkdf2_sha256$216000$UoYF7Xt7vV02$LVkBSQwG2mx6ZeI7Fjxq7EpVYnlj5+znugkynD0Ksrg=", "last_login": null, "is_superuser": false, "username": "Test", "first_name": "", "last_name": "", "email": "yadrukospa@biyac.com", "is_staff": false, "is_active": true, "date_joined": "2021-03-28T17:48:42.765Z", "groups": [], "user_permissions": []}}, {"model": "sessions.session", "pk": "13m03lz58o4w25jvwln7hgsgcbjf5x0v", "fields": {"session_data": ".eJxVjMsOwiAQRf-FtSEUKo8u3fsNBGYGixowpTUa479rky50e8-558V8WObRL40mn5ENTLLd7xYDXKisAM-hnCqHWuYpR74qfKONHyvS9bC5f4ExtPH7dgAGtEmge9IREHVnRepMr6RRAVVIKEDCXitrJArpeuui1UYZmZREt0YbtZZr8fS45enJBrFjLdzJ55IqG-ZpofcH7opE6Q:1lQwTO:zxBFo6dYzL5XNsHIiq8xQRIacpDzOGoSbODJGMeqMgc", "expire_date": "2021-04-12T18:18:46.810Z"}}, {"model": "sessions.session", "pk": "1q65qk00b96o09l1rb8lhibwho9db6cg", "fields": {"session_data": ".eJxljEEOgjAQRe_StSFSaCks3XuGZjozlSq2hoLRGO-uGGJi3L73_n8IQExznOyVx-ADk-UzhEF0cR6GzdfOmUfRiUZshIV56j_ABvpnDvDEcRF0hHhIBaY4jcEVS1KsNhf7RDzs1vbnoIfcv9esnFaqkqU3CKbU2BAZ511ZgybSpoLWK8DKMLStkrX0hKhdKbWsGq_9cpo555Ci5dsljHfRbZ8vpf5RSg:1lPC45:hMbxrX_qhCGXiQyGRaSoDJuV0IaHWUwC66Yx6GarTZk", "expire_date": "2021-04-07T22:33:25.746Z"}}, {"model": "sessions.session", "pk": "7ut33aaeyi8basrschshzfnqeb719w0q", "fields": {"session_data": ".eJxVjEEOgjAQRe8ya0IKhSBduvcMZKad0qppSQuJhnB3wbDQ7X_vvxUGXGY3LJnT4A0oqKH43Qj1g8MBzB3DGEsdw5w8lYdSnjSXt2j4eT3dv4DD7PY3E9WWu65Hg5dGEgmuNVuS2MtKk7GmkVrahoVkErtl2p66VlLFVmD3jWbO2ccw8Gvy6Q1KFJBdnCYfRo1pBrVCBaratg8z5Uih:1lNcjh:bKoV4UDbi0rO8wH4iIpTisJSmKfcocKDyVySQSbBy8M", "expire_date": "2021-04-03T14:37:53.392Z"}}, {"model": "sessions.session", "pk": "8k977ppbs0qdgoye5a3jcbkdk9e26yux", "fields": {"session_data": ".eJxVjEEOgjAQRe_StWkKA6mwdO8ZmpnOVKqmNRQSjPHugmGh2__efy_lcJ4GNxcZXWTVq1odfjdCf5O0Ab5iumTtc5rGSHpT9E6LPmeW-2l3_wIDlmF9C1EdxNoOGY8NEBmpvQQC7KDyxIEb8BAaMSBkVovbjmwLVEkwaL_RIqXEnJwsjzg-VW_eH_8iQQ0:1lM5Hw:dtkI5rnIbj_VFIZDsltEWr4KtGslYls7ds-K-wOfHr8", "expire_date": "2021-03-30T08:42:52.693Z"}}, {"model": "sessions.session", "pk": "8n4ic9vyc445vzjs3vwhcqnahj6w6bl6", "fields": {"session_data": ".eJxVjEEOgjAQRe8ya0IKhSBduvcMZKad0qppSQuJhnB3wbDQ7X_vvxUGXGY3LJnT4A0oqKH43Qj1g8MBzB3DGEsdw5w8lYdSnjSXt2j4eT3dv4DD7PY3E9WWu65Hg5dGEgmuNVuS2MtKk7GmkVrahoVkErtl2p66VlLFVmD3jWbO2ccw8Gvy6Q1KFJBdnCYfRo1pBrWCBFVt2wcz8Uij:1lPsOl:yeXAZJqSVhRb0-AAjbY6wTJIk6pGxHmDrVn-zD1q9j0", "expire_date": "2021-04-09T19:45:35.723Z"}}, {"model": "sessions.session", "pk": "9vywa2o13fz4tqmwvajj1bk8e6rlsxpe", "fields": {"session_data": ".eJw1yTEOgCAMAMCvNJ0ZGJx8hxsQgqYBjBZCYTDGvxsH17sb_UkiIZLgjMZY9H6Xwr9aVFpNWllcEjWCLMClp8wRttEacT8uyAxXGQ0klVq_WkO06Bw-LzYoIXk:1lQY7L:PRzhh-0D-NKmCwQ0NnMUUXrhvLm_akbJqF12wK3UN0A", "expire_date": "2021-04-11T16:18:23.939Z"}}, {"model": "sessions.session", "pk": "a2rzd6oqjobovj3kn80voki8moy11tb9", "fields": {"session_data": "eyJzaG9wcGluZ2NhcnQiOnsiMSI6MywiMiI6NX19:1lIVSh:Q08BfWoyUWTRc4WK2zVdf7a43CeQDDIQ9ImRJmtWZmI", "expire_date": "2021-03-20T11:51:11.572Z"}}, {"model": "sessions.session", "pk": "bn9o5hnetbwjxb06rki0uv315qmy779e", "fields": {"session_data": ".eJxVjEEOgjAQRe_StWkKA6mwdO8ZmpnOVKqmNRQSjPHugmGh2__efy_lcJ4GNxcZXWTVq1odfjdCf5O0Ab5iumTtc5rGSHpT9E6LPmeW-2l3_wIDlmF9C1EdxNoOGY8NEBmpvQQC7KDyxIEb8BAaMSBkVovbjmwLVEkwaL_RIqXEnJwsjzg-VW_eH_8iQQ0:1lLsuh:uMu733W4DwobvbqujUzq8HBYir-K7by1FCPiaMkEcYM", "expire_date": "2021-03-29T19:30:03.677Z"}}, {"model": "sessions.session", "pk": "ekxqsozow3f2k8wfrj398hcbwsifag6c", "fields": {"session_data": ".eJw1yTEOgCAMAMCvNJ0ZGJx8hxsQgqYBjBZCYTDGvxsH17sb_UkiIZLgjMZY9H6Xwr9aVFpNWllcEjWCLMClp8wRttEacT8uyAxXGQ0klVq_WkO06Bw-LzYoIXk:1lQYzW:uhP2EWQ8cufK5RvEQ2DZy_mVUJflE3PwUu3OXnynJNY", "expire_date": "2021-04-11T17:14:22.116Z"}}, {"model": "sessions.session", "pk": "fkmz92lrljmwy3vmzif10pgzc5k0pu6k", "fields": {"session_data": ".eJxVjEEOgjAQRe_SNWkKhVRYuvcMzUw7lSppTQeMxnh3wbDQ7X_vv5ewsMyjXZiKjV4MohHV74bgrpQ24C-Qzlm6nOYSUW6K3CnLU_Y0HXf3LzACj-ubEJtAxvTg4dBqREWNo4Aael079MG32unQktKEarV816PpNNYUFJhvlIk55mTpcYvlKQZVCYY72ZhCFkOAien9Acp2R3w:1lLPPv:Ezgqr7PEjm1VmBZXarKjKtXMO6SU9iRrAA6JeJaNhZc", "expire_date": "2021-03-28T12:00:19.432Z"}}, {"model": "sessions.session", "pk": "guqqidytmmuo33bwjjkn2ijcwanonh3k", "fields": {"session_data": ".eJxljMEOwiAQBf-Fs2koWEp79O43kF1YLIpgSms0xn_XmsbEeJ2Z9x4MrM1zmsyVxuADOUNnCJH1aY5x87VzoZH1TLINMzBPwweY4P4Zgj1RWoQ7QjrkyuY0jQGrJalWW6p9dhR3a_tzMEAZ3mvhUaNtW4Wd4EoTCOi44g6l8nUDJKzi2rYkHHKUtZReesBObkGDkLZZTguVEnIydLuE8c56_nwBjTRQ7A:1lL53U:PN47vXx_eYwrwa3N-csWM7sabM6wZ3b1_WWGSSmNlvk", "expire_date": "2021-03-27T14:15:48.201Z"}}, {"model": "sessions.session", "pk": "jlwui6jffj1eutld8quj3r8lq8gq7d2p", "fields": {"session_data": ".eJxVjEEOwiAQRe_C2hDK0CAu3XsGMsMMUjWQlHZlvLtt0oVu_3vvv1XEdSlx7TLHidVFWXX63QjTU-oO-IH13nRqdZkn0ruiD9r1rbG8rof7d1Cwl60WIpvF-4CMZwdERmySTIABhkSc2UGC7MSAkNksHgP5EWiQbNCz-nwBMJs50A:1lPDTI:h6iLh3RtT4pKADhOAbk4dutj7VqfEbvC4ENWpXYtqiI", "expire_date": "2021-04-08T00:03:32.281Z"}}, {"model": "sessions.session", "pk": "jzwkv96w4qlx959ucfwjwq9wadktbyps", "fields": {"session_data": ".eJxVjMsOwiAQRf-FtSEUKo8u3fsNBGYGixowpTUa479rky50e8-558V8WObRL40mn5ENTLLd7xYDXKisAM-hnCqHWuYpR74qfKONHyvS9bC5f4ExtPH7dgAGtEmge9IREHVnRepMr6RRAVVIKEDCXitrJArpeuui1UYZmZREt0YbtZZr8fS45enJBrFjLdzJ55IqG-ZpofcH7opE6Q:1lQveP:ZDe2_enYfUAWFSqQgCfNqyleEwKfUC2cFlxQPdxkiD4", "expire_date": "2021-04-12T17:26:05.233Z"}}, {"model": "sessions.session", "pk": "k0itu65m243vu6fzutpyfn3145gsazrm", "fields": {"session_data": ".eJxVjEEOgjAQRe_StWkKA6mwdO8ZmpnOVKqmNRQSjPHugmGh2__efy_lcJ4GNxcZXWTVq1odfjdCf5O0Ab5iumTtc5rGSHpT9E6LPmeW-2l3_wIDlmF9C1EdxNoOGY8NEBmpvQQC7KDyxIEb8BAaMSBkVovbjmwLVEkwaL_RIqXEnJwsjzg-VW_eH_8iQQ0:1lOT55:DVrr7smE9eiYhYPsYRoDWwK0xfXFtai1vXytvb4Yk9Y", "expire_date": "2021-04-05T22:31:27.061Z"}}, {"model": "sessions.session", "pk": "lj1mw55ajinlton9ea20pfv7pig9yq3z", "fields": {"session_data": ".eJxVjMsOgyAUBf-FtSE8Liguu-83EF4W2gYMaNLG-O-tiYt2e2bObEibdYl6baHq5NGIBOp-N2vcI-QD-LvJt4JdyUtNFh8KPmnD1-LD83K6f4FoWvy-OcAwKUEVtVJZRShYLgIo5npp6MAM50CD8gRkPwgmJ0shiJ55woh3Fo5oC62lknV4zam-0Ug61GKZ55RvztQFjdu-fwDJmER2:1lMzH2:xLEm5YQXRbUzdGQZJIRqPHlAHnsBQqTDTGQHqfNu5FQ", "expire_date": "2021-04-01T20:29:40.352Z"}}, {"model": "sessions.session", "pk": "m0flcnlfiqefytnl5cmjtj81h5uejx4i", "fields": {"session_data": ".eJxVjMEOwiAQBf-FsyEUKgs9evcbCOyCRQ00pU00xn_XJj3o9c28eTHn12V0a4uzy8QGJtnhdwseb7FsgK6-XCrHWpY5B74pfKeNnyvF-2l3_wKjb-P3bREBNSTUfdQBiXRnROqgVxKUJ-UTCZR41MqAJCFtb2wwGhTIpCTZLdpia7kWFx9Tnp9sEO8PkOg-xQ:1lQzG4:4GglhSntzK0Zmzsvrxj7Uc65yfM-l865KGt0oNktsiA", "expire_date": "2021-04-12T21:17:12.247Z"}}, {"model": "sessions.session", "pk": "ma4teoi6ar9arw60w6ldcaj2yppijnnx", "fields": {"session_data": ".eJxVjEEOgjAQRe_StWkKA6mwdO8ZmpnOVKqmNRQSjPHugmGh2__efy_lcJ4GNxcZXWTVq1odfjdCf5O0Ab5iumTtc5rGSHpT9E6LPmeW-2l3_wIDlmF9C1EdxNoOGY8NEBmpvQQC7KDyxIEb8BAaMSBkVovbjmwLVEkwaL_RIqXEnJwsjzg-VW_eH_8iQQ0:1lOmcz:yi9-GiThZTK8oJ55SSoYGGujjwHkrJHVDCzmCajP8yY", "expire_date": "2021-04-06T19:23:45.430Z"}}, {"model": "sessions.session", "pk": "msfnrgyiwgc6fdp75jdf654cwjb2ld0j", "fields": {"session_data": ".eJxVjMsOgjAQRf9l1qaBFvtauvcbSJlpbdW0hEKiIfy7krBhe8-5Z4Uayzim_EA3zWBX6MC22wV6t8yxX6qf-kRggcNpGxy-fN4BPV1-FIYlz1Ma2K6wg1Z2L-Tft8M9BaKr8f82iAqlCig7Lwckkq1uQqs6wZVwJFygBjlepdCKU8NNp82gpRKKB8HJ7NHqa00l9_4zpukLttl-ogBGXA:1lQeEm:z_WOCQJ2iaIH9eXMCVM-FBxXArbfzdzpTYJ9htQUu-w", "expire_date": "2021-04-11T22:50:28.090Z"}}, {"model": "sessions.session", "pk": "nhyhtkfi80uwghaw12yp5dz6yagefw15", "fields": {"session_data": ".eJxVjEEOgjAQRe_StWkKA6mwdO8ZmpnOVKqmNRQSjPHugmGh2__efy_lcJ4GNxcZXWTVq1odfjdCf5O0Ab5iumTtc5rGSHpT9E6LPmeW-2l3_wIDlmF9C1EdxNoOGY8NEBmpvQQC7KDyxIEb8BAaMSBkVovbjmwLVEkwaL_RIqXEnJwsjzg-VW_eH_8iQQ0:1lNyoD:61ebY8c9AJDwee2s94zpszF7FYwhAJGMHdrbXkojpe8", "expire_date": "2021-04-04T14:12:01.876Z"}}, {"model": "sessions.session", "pk": "pj1h57muzxn7elw69fdsxos4c16g00r6", "fields": {"session_data": ".eJxVjMEOgyAQBf-Fc0NQNFSPvfcbyC4sQtuAAU1sjP9ebbx4fTNvVlZ8GscQBwN5Yv263ZiGefJ6LpR1sKxnNbtsCOZN8QD2BXFI3KQ45YD8UPhJC38mS5_H6V4CHorf34RYO1KqAwv3RiIKqg05lNDJyqB1tpFGuoaEJBS7ZdsOVSuxIidA_aOFSgkpalrGkL-sF9sPQtJHwQ:1lNAlf:i-R9kQybgnDb17jFqbEJyOKIjq2e5iA53vKkg4XH3jk", "expire_date": "2021-04-02T08:46:03.991Z"}}, {"model": "sessions.session", "pk": "pjo5i04v012o84btam267oh5xtyo675r", "fields": {"session_data": "eyJzaG9wcGluZ2NhcnQiOnsiMSI6NiwiMiI6MywiMyI6M319:1lISJx:zRWeZ09ObxtIhVTQBp_6IC5zlnNxvRm2hGs-XIJCabc", "expire_date": "2021-03-20T08:29:57.638Z"}}, {"model": "sessions.session", "pk": "qud1kw52sgxbl61gxjo4p9wqnsy2bvah", "fields": {"session_data": ".eJxVjMEOwiAQBf-FsyEUKgs9evcbCOyCRQ00pU00xn_XJj3o9c28eTHn12V0a4uzy8QGJtnhdwseb7FsgK6-XCrHWpY5B74pfKeNnyvF-2l3_wKjb-P3bREBNSTUfdQBiXRnROqgVxKUJ-UTCZR41MqAJCFtb2wwGhTIpCTZLdpia7kWFx9Tnp9sEO8PkOg-xQ:1lQf4b:WtQDTAXr6WRXNkqLGNusKKzFyRH0eXmKIS-_4Z0_CHE", "expire_date": "2021-04-11T23:44:01.244Z"}}, {"model": "sessions.session", "pk": "qvbvri847ld5wbfrfx3e56a1cqtmz97s", "fields": {"session_data": ".eJxVjEEOgjAQRe_StWkKA6mwdO8ZmpnOVKqmNRQSjPHugmGh2__efy_lcJ4GNxcZXWTVq1odfjdCf5O0Ab5iumTtc5rGSHpT9E6LPmeW-2l3_wIDlmF9C1EdxNoOGY8NEBmpvQQC7KDyxIEb8BAaMSBkVovbjmwLVEkwaL_RIqXEnJwsjzg-VW_eH_8iQQ0:1lFxxg:dmx5WYbR_xs8434m_e3zLb_blZ3M6JMtv6rH9Q1tr9A", "expire_date": "2021-03-13T11:40:40.795Z"}}, {"model": "sessions.session", "pk": "qz0qyqusgym5v5ly6ue7mt78ayq9eie9", "fields": {"session_data": "e30:1lL4p7:Uy-CfE9MwOzNMWJhjJjBNl-DVn1mXja9BhW58OIn5Is", "expire_date": "2021-03-27T14:00:57.895Z"}}, {"model": "sessions.session", "pk": "u5jbmpzuq7vmaayvwveqebyj37u2mo5z", "fields": {"session_data": ".eJxVjEEOgjAQRe_StWkKA6mwdO8ZmpnOVKqmNRQSjPHugmGh2__efy_lcJ4GNxcZXWTVq1odfjdCf5O0Ab5iumTtc5rGSHpT9E6LPmeW-2l3_wIDlmF9C1EdxNoOGY8NEBmpvQQC7KDyxIEb8BAaMSBkVovbjmwLVEkwaL_RIqXEnJwsjzg-VW_eH_8iQQ0:1lOysV:78D3qs2gYxmvRbF5NVGs6c1HCcAu4LfO5iCOVknZyKc", "expire_date": "2021-04-07T08:28:35.113Z"}}, {"model": "sessions.session", "pk": "u73eyiq4l330w1q1m3liw4m578fj16ae", "fields": {"session_data": ".eJxVjEEOgjAQRe_StWkKA6mwdO8ZmpnOVKqmNRQSjPHugmGh2__efy_lcJ4GNxcZXWTVq1odfjdCf5O0Ab5iumTtc5rGSHpT9E6LPmeW-2l3_wIDlmF9C1EdxNoOGY8NEBmpvQQC7KDyxIEb8BAaMSBkVovbjmwLVEkwaL_RIqXEnJwsjzg-VW_eH_8iQQ0:1lLidf:bbMo8h5cY6-jZDM1V2TKOeJYWL4NSpbZSmWJfgz-3QQ", "expire_date": "2021-03-29T08:31:47.188Z"}}, {"model": "sessions.session", "pk": "v27diw9xqmnozdqb4b1g351f4ryov5te", "fields": {"session_data": ".eJxVj8FugzAQRH8l2rOFDAZROPbecw8hsnbtNXZCAWEjNYry73UqDu113ptZ7QM07snrPfKmg4UeKhB_M0Jz4_kF7BXncSnMMqctUPFSioPG4mOxPL0f7r8Bj9HnNhNVjtu2Q4tvtSKSXBl2pLBTpSHrbK2McjVLxSSzZZuO2kZRyU5i-zsaOcawzJq_17DdoZcCol_WNcyjwS1B_wAFffnM6ldWceSYL5_PA2h9jbl4pAMIKapGDPCJyfhT3I3JxO3TdD_lPzixLQa4XOD5A9bCYeg:1lQCRL:S_RTtofOl75c5irb9PCjGC_AGLu0JAaZ6hzgImPwF4I", "expire_date": "2021-04-10T17:09:35.358Z"}}, {"model": "sites.site", "pk": 1, "fields": {"domain": "timekeepers.example.com", "name": "Timekeepers"}}, {"model": "account.emailaddress", "pk": 1, "fields": {"user": 2, "email": "jamesfarr1@sky.com", "verified": true, "primary": true}}, {"model": "account.emailaddress", "pk": 2, "fields": {"user": 3, "email": "test@test.com", "verified": true, "primary": true}}, {"model": "account.emailaddress", "pk": 4, "fields": {"user": 5, "email": "blackcurrants2@gmail.com", "verified": true, "primary": true}}, {"model": "account.emailaddress", "pk": 5, "fields": {"user": 6, "email": "jjj@example.com", "verified": false, "primary": true}}, {"model": "account.emailaddress", "pk": 6, "fields": {"user": 7, "email": "yoyana3647@irahada.com", "verified": true, "primary": true}}, {"model": "account.emailaddress", "pk": 7, "fields": {"user": 8, "email": "tupsovuste@biyac.com", "verified": false, "primary": true}}, {"model": "account.emailaddress", "pk": 8, "fields": {"user": 9, "email": "yadrukospa@biyac.com", "verified": false, "primary": true}}, {"model": "watches.brand", "pk": 1, "fields": {"name": "rolex", "friendly_name": "Rolex", "image": "brand1_bhRXnsx.jpg"}}, {"model": "watches.brand", "pk": 2, "fields": {"name": "seiko", "friendly_name": "Seiko", "image": "band2.jpg"}}, {"model": "watches.brand", "pk": 3, "fields": {"name": "fossil", "friendly_name": "Fossil", "image": "brand3.jpg"}}, {"model": "watches.brand", "pk": 4, "fields": {"name": "omega", "friendly_name": "Omega", "image": "brand4.jpg"}}, {"model": "watches.brand", "pk": 5, "fields": {"name": "casio", "friendly_name": "Casio", "image": "brand5.jpg"}}, {"model": "watches.brand", "pk": 6, "fields": {"name": "panerai", "friendly_name": "Panerai", "image": "panerai-radiomir.jpg"}}, {"model": "watches.brand", "pk": 7, "fields": {"name": "dw", "friendly_name": "DW", "image": ""}}, {"model": "watches.category", "pk": 1, "fields": {"name": "men", "friendly_name": "Men"}}, {"model": "watches.category", "pk": 2, "fields": {"name": "women", "friendly_name": "Women"}}, {"model": "watches.watch", "pk": 4, "fields": {"sku": "WAT-MED-SIL-MET-1", "brand": 1, "category": 1, "name": "Rolex", "watch_information": "BASIC INFORMATION", "description": "Lorem ipsum dolor sit amet, apeirian contentiones id pri, adipisci laboramus ex sea. Te nec dolore mentitum, ius in ullum dolor verear. In decore commodo mei, nihil iriure sed no, vim altera oportere mnesarchum in. Consul putant adipisci sit ne, sumo omnesque scribentur cu nec. Ea labores omittam appareat has.", "price": "5500.47", "discount": null, "label": "Sold", "rating": "7.79", "image": "rolexa.jpg"}}, {"model": "watches.watch", "pk": 6, "fields": {"sku": "WAT-MED-SIL-MET-5", "brand": 6, "category": 2, "name": "Panerai-Radiomir", "watch_information": "BASIC INFORMATION", "description": "Lorem ipsum dolor sit amet, apeirian contentiones id pri, adipisci laboramus ex sea. Te nec dolore mentitum, ius in ullum dolor verear. In decore commodo mei, nihil iriure sed no, vim altera oportere mnesarchum in. Consul putant adipisci sit ne, sumo omnesque scribentur cu nec. Ea labores omittam appareat has.", "price": "1250.99", "discount": null, "label": null, "rating": "7.75", "image": "panerai-radiomir_8xcDCCi.jpg"}}, {"model": "watches.watch", "pk": 7, "fields": {"sku": "WAT-MED-SIL-MET-6", "brand": 7, "category": 2, "name": "Daniel Wellington", "watch_information": "BASIC INFORMATION", "description": "Lorem ipsum dolor sit amet, consectetur adipiscing elit, sed do eiusmod tempor incididunt ut labore et dolore magna aliqua. Ut enim ad minim veniam, quis nostrud exercitation ullamco laboris nisi ut aliquip ex ea commodo consequat. Duis aute irure dolor in reprehenderit in voluptate velit esse cillum dolore eu fugiat nulla pariatur. Excepteur sint occaecat cupidatat non proident, sunt in culpa qui officia deserunt mollit anim id est laborum.", "price": "128.99", "discount": null, "label": "New", "rating": "6.66", "image": "md.jpg"}}, {"model": "watches.watch", "pk": 8, "fields": {"sku": "WAT-MED-SIL-MET-7", "brand": 3, "category": 1, "name": "Fossil", "watch_information": "BASIC INFORMATION", "description": "Lorem ipsum dolor sit amet, consectetur adipiscing elit, sed do eiusmod tempor incididunt ut labore et dolore magna aliqua. Ut enim ad minim veniam, quis nostrud exercitation ullamco laboris nisi ut aliquip ex ea commodo consequat. Duis aute irure dolor in reprehenderit in voluptate velit esse cillum dolore eu fugiat nulla pariatur. Excepteur sint occaecat cupidatat non proident, sunt in culpa qui officia deserunt mollit anim id est laborum.", "price": "899.99", "discount": null, "label": "New", "rating": "7.72", "image": "fossil1.jpg"}}, {"model": "watches.review", "pk": 1, "fields": {"watch": 4, "name": "Test1", "review": "Lorem Ipsum dolor sit amet, consectetur adipiscing elit, sed do eiusmod tempor incididunt ut labore et dolore magna aliqua. Ut enim ad minim veniam, quis nostrud exercitation ullamco laboris nisi ut aliquip ex ea commodo", "date_added": "2021-03-29T13:29:32.229Z", "rating": "8.85"}}, {"model": "watches.review", "pk": 4, "fields": {"watch": 6, "name": "Test2", "review": "Lorem Ipsum dolor sit amet, consectetur adipiscing elit, sed do eiusmod tempor incididunt ut labore et dolore magna aliqua. Ut enim ad minim veniam, quis nostrud exercitation ullamco laboris nisi ut aliquip ex ea commodo consequat. Duis aute irure dolor i", "date_added": "2021-03-29T15:15:44.062Z", "rating": null}}, {"model": "watches.review", "pk": 5, "fields": {"watch": 7, "name": "Test1", "review": "Lorem Ipsum dolor sit amet, consectetur adipiscing elit, sed do eiusmod tempor incididunt ut labore et dolore magna aliqua. Ut enim ad minim veniam, quis nostrud exercitation ullamco laboris nisi ut aliquip ex ea commodo consequat. Duis aute irure dolor i", "date_added": "2021-03-29T16:01:40.127Z", "rating": null}}, {"model": "watches.review", "pk": 6, "fields": {"watch": 8, "name": "Test1", "review": "Test 1", "date_added": "2021-03-29T21:18:39.430Z", "rating": null}}, {"model": "checkout.order", "pk": 4, "fields": {"order_number": "17A38BFD20414A45A79C2165899A3FBE", "user_profile": null, "name": "Test1", "email": "test@test.com", "phone_number": "01234567890", "country": "United Kingdom", "postcode": "12345", "address_line1": "anywhere", "address_line2": "anywhere", "town_or_city": "anywhere", "state_or_county": "anywhere", "date": "2021-03-10T08:23:27.026Z", "delivery_cost": "0.00", "member_discount": "0.00", "order_total": "0.00", "grand_total": "0.00", "original_shoppingcart": "", "stripe_pid": ""}}, {"model": "checkout.order", "pk": 5, "fields": {"order_number": "C44A921B13F94719AE0C5DF92FA08BAB", "user_profile": null, "name": "Test1", "email": "test@test.com", "phone_number": "01234567890", "country": "United Kingdom", "postcode": "12345", "address_line1": "anywhere", "address_line2": "anywhere", "town_or_city": "anywhere", "state_or_county": "anywhere", "date": "2021-03-11T14:52:53.381Z", "delivery_cost": "0.00", "member_discount": "0.00", "order_total": "0.00", "grand_total": "0.00", "original_shoppingcart": "", "stripe_pid": ""}}, {"model": "checkout.order", "pk": 6, "fields": {"order_number": "778DF87FD3984DEC951DF8AD4042370E", "user_profile": null, "name": "Test1", "email": "test@test.com", "phone_number": "01234567890", "country": "United Kingdom", "postcode": "12345", "address_line1": "anywhere", "address_line2": "anywhere", "town_or_city": "anywhere", "state_or_county": "anywhere", "date": "2021-03-11T16:01:58.136Z", "delivery_cost": "0.00", "member_discount": "0.00", "order_total": "0.00", "grand_total": "0.00", "original_shoppingcart": "", "stripe_pid": ""}}, {"model": "checkout.order", "pk": 7, "fields": {"order_number": "AF97A7FC648C41EB8F6C782A34ABE89C", "user_profile": null, "name": "Test1", "email": "test@test.com", "phone_number": "01234567890", "country": "United Kingdom", "postcode": "12345", "address_line1": "anywhere", "address_line2": "anywhere", "town_or_city": "anywhere", "state_or_county": "anywhere", "date": "2021-03-11T16:04:51.543Z", "delivery_cost": "0.00", "member_discount": "0.00", "order_total": "0.00", "grand_total": "0.00", "original_shoppingcart": "", "stripe_pid": ""}}, {"model": "checkout.order", "pk": 8, "fields": {"order_number": "87A9FD2C48E249319E0D1D6E6D789B75", "user_profile": null, "name": "Test1", "email": "test@test.com", "phone_number": "01234567890", "country": "United Kingdom", "postcode": "12345", "address_line1": "anywhere", "address_line2": "anywhere", "town_or_city": "anywhere", "state_or_county": "anywhere", "date": "2021-03-11T16:08:53.803Z", "delivery_cost": "0.00", "member_discount": "0.00", "order_total": "0.00", "grand_total": "0.00", "original_shoppingcart": "", "stripe_pid": ""}}, {"model": "checkout.order", "pk": 9, "fields": {"order_number": "83E831C312D248FF8DD9A9C88753A0D9", "user_profile": null, "name": "Test1", "email": "test@test.com", "phone_number": "01234567890", "country": "United Kingdom", "postcode": "12345", "address_line1": "anywhere", "address_line2": "anywhere", "town_or_city": "anywhere", "state_or_county": "anywhere", "date": "2021-03-11T16:41:16.721Z", "delivery_cost": "0.00", "member_discount": "0.00", "order_total": "0.00", "grand_total": "0.00", "original_shoppingcart": "", "stripe_pid": ""}}, {"model": "checkout.order", "pk": 10, "fields": {"order_number": "B605456BEFA843B3B7D760AC3554E79B", "user_profile": null, "name": "Test1", "email": "test@test.com", "phone_number": "01234567890", "country": "GB", "postcode": "12345", "address_line1": "anywhere", "address_line2": "anywhere", "town_or_city": "anywhere", "state_or_county": "anywhere", "date": "2021-03-12T16:20:10.554Z", "delivery_cost": "0.00", "member_discount": "0.00", "order_total": "0.00", "grand_total": "0.00", "original_shoppingcart": "", "stripe_pid": ""}}, {"model": "checkout.order", "pk": 11, "fields": {"order_number": "D557A9E5434946C292EDBA9DCABD18D2", "user_profile": null, "name": "Test1", "email": "test@test.com", "phone_number": "01234567890", "country": "GB", "postcode": "12345", "address_line1": "anywhere", "address_line2": "anywhere", "town_or_city": "anywhere", "state_or_county": "anywhere", "date": "2021-03-12T16:29:28.317Z", "delivery_cost": "0.00", "member_discount": "0.00", "order_total": "0.00", "grand_total": "0.00", "original_shoppingcart": "", "stripe_pid": ""}}, {"model": "checkout.order", "pk": 12, "fields": {"order_number": "98933CAF32C94CE9AB6A991694465991", "user_profile": null, "name": "Test1", "email": "test@test.com", "phone_number": "01234567890", "country": "GB", "postcode": "12345", "address_line1": "anywhere", "address_line2": "anywhere", "town_or_city": "anywhere", "state_or_county": "anywhere", "date": "2021-03-13T08:17:14.491Z", "delivery_cost": "0.00", "member_discount": "0.00", "order_total": "0.00", "grand_total": "0.00", "original_shoppingcart": "", "stripe_pid": ""}}, {"model": "checkout.order", "pk": 13, "fields": {"order_number": "238738A3F6034D3094035BD5BC2EBE74", "user_profile": null, "name": "Test1", "email": "test@test.com", "phone_number": "01234567890", "country": "GB", "postcode": "12345", "address_line1": "anywhere", "address_line2": "anywhere", "town_or_city": "anywhere", "state_or_county": "anywhere", "date": "2021-03-13T09:48:56.075Z", "delivery_cost": "0.00", "member_discount": "0.00", "order_total": "0.00", "grand_total": "0.00", "original_shoppingcart": "{\"1\": 1}", "stripe_pid": "pi_1IUU4kFD3z975eMdh1UVxe4t"}}, {"model": "checkout.order", "pk": 14, "fields": {"order_number": "F898E3C279C243D683CDE90D92E12107", "user_profile": null, "name": "Test1", "email": "test@test.com", "phone_number": "01234567890", "country": "GB", "postcode": "12345", "address_line1": "anywhere", "address_line2": "anywhere", "town_or_city": "anywhere", "state_or_county": "anywhere", "date": "2021-03-13T10:06:09.496Z", "delivery_cost": "0.00", "member_discount": "0.00", "order_total": "0.00", "grand_total": "0.00", "original_shoppingcart": "{\"1\": 1}", "stripe_pid": "pi_1IUULuFD3z975eMdns9DUGmM"}}, {"model": "checkout.order", "pk": 15, "fields": {"order_number": "D339693916184142AF1AFF79AC97C213", "user_profile": null, "name": "Test1", "email": "test@test.com", "phone_number": "01234567890", "country": "GB", "postcode": "12345", "address_line1": "anywhere", "address_line2": "anywhere", "town_or_city": "anywhere", "state_or_county": "anywhere", "date": "2021-03-13T10:11:57.870Z", "delivery_cost": "0.00", "member_discount": "0.00", "order_total": "0.00", "grand_total": "0.00", "original_shoppingcart": "{\"1\": 1}", "stripe_pid": "pi_1IUURXFD3z975eMdxDKGRqCg"}}, {"model": "checkout.order", "pk": 16, "fields": {"order_number": "39AE4F27BD234E77868C9D259ED3D7F8", "user_profile": null, "name": "Test1", "email": "test@test.com", "phone_number": "01234567890", "country": "GB", "postcode": "12345", "address_line1": "anywhere", "address_line2": "anywhere", "town_or_city": "anywhere", "state_or_county": "anywhere", "date": "2021-03-13T10:15:08.327Z", "delivery_cost": "0.00", "member_discount": "0.00", "order_total": "0.00", "grand_total": "0.00", "original_shoppingcart": "{\"1\": 1}", "stripe_pid": "pi_1IUUUbFD3z975eMdFYkEOf6X"}}, {"model": "checkout.order", "pk": 17, "fields": {"order_number": "0124B8D7C0764B368F91D7A1BEA0FDBD", "user_profile": null, "name": "Test1", "email": "test@test.com", "phone_number": "01234567890", "country": "GB", "postcode": "12345", "address_line1": "anywhere", "address_line2": "anywhere", "town_or_city": "anywhere", "state_or_county": "anywhere", "date": "2021-03-13T10:19:52.689Z", "delivery_cost": "0.00", "member_discount": "0.00", "order_total": "0.00", "grand_total": "0.00", "original_shoppingcart": "{\"2\": 1}", "stripe_pid": "pi_1IUUYuFD3z975eMdCSSLfk2U"}}, {"model": "checkout.order", "pk": 18, "fields": {"order_number": "59EED906D3BB4F17BF5069BAA0A39A9A", "user_profile": 2, "name": "james farr", "email": "jamesfarr1@sky.com", "phone_number": "01663765491", "country": "GB", "postcode": "SK6 8BN", "address_line1": "37 Balmoral Drive", "address_line2": "high lane", "town_or_city": "Stockport", "state_or_county": "Not Specified", "date": "2021-03-14T10:25:29.409Z", "delivery_cost": "0.00", "member_discount": "0.00", "order_total": "0.00", "grand_total": "0.00", "original_shoppingcart": "{\"1\": 1}", "stripe_pid": "pi_1IUr82FD3z975eMdC8trh28c"}}, {"model": "checkout.order", "pk": 19, "fields": {"order_number": "0780D3F9A2CB4B6CA7E2F34C5D272968", "user_profile": 2, "name": "james farr", "email": "jamesfarr1@sky.com", "phone_number": "01663765491", "country": "GB", "postcode": "SK6 8BN", "address_line1": "37 Balmoral Drive", "address_line2": "high lane", "town_or_city": "Stockport", "state_or_county": "Not Specified", "date": "2021-03-14T11:19:09.646Z", "delivery_cost": "0.00", "member_discount": "0.00", "order_total": "0.00", "grand_total": "0.00", "original_shoppingcart": "{\"2\": 1}", "stripe_pid": "pi_1IUrxPFD3z975eMdDubYTNS8"}}, {"model": "checkout.order", "pk": 20, "fields": {"order_number": "13FF3A61F54F41F28C7721642FA7171B", "user_profile": 2, "name": "james farr", "email": "jamesfarr1@sky.com", "phone_number": "01663765491", "country": "GB", "postcode": "SK6 8BN", "address_line1": "37 Balmoral Drive", "address_line2": "high lane", "town_or_city": "Stockport", "state_or_county": "Not Specified", "date": "2021-03-14T11:21:43.819Z", "delivery_cost": "0.00", "member_discount": "0.00", "order_total": "0.00", "grand_total": "0.00", "original_shoppingcart": "{\"2\": 1}", "stripe_pid": "pi_1IUs0cFD3z975eMdh0WCOFuP"}}, {"model": "checkout.order", "pk": 21, "fields": {"order_number": "EA575E075F984507A906CE511C2570F3", "user_profile": 1, "name": "james farr", "email": "jamesfarr1@sky.com", "phone_number": "01663765491", "country": "GB", "postcode": "SK6 8BN", "address_line1": "37 Balmoral Drive", "address_line2": "high lane", "town_or_city": "Stockport", "state_or_county": "Not Specified", "date": "2021-03-14T11:55:33.052Z", "delivery_cost": "0.00", "member_discount": "0.00", "order_total": "0.00", "grand_total": "0.00", "original_shoppingcart": "{\"1\": 1}", "stripe_pid": "pi_1IUsWpFD3z975eMdNpisTM6G"}}, {"model": "checkout.order", "pk": 22, "fields": {"order_number": "D51D6736B7E0479DAC010C8344041639", "user_profile": 1, "name": "james farr", "email": "jamesfarr1@sky.com", "phone_number": "01663765491", "country": "GB", "postcode": "SK6 8BN", "address_line1": "37 Balmoral Drive", "address_line2": "high lane", "town_or_city": "Stockport", "state_or_county": "Not Specified", "date": "2021-03-14T12:00:19.209Z", "delivery_cost": "0.00", "member_discount": "0.00", "order_total": "0.00", "grand_total": "0.00", "original_shoppingcart": "{\"1\": 1}", "stripe_pid": "pi_1IUsbyFD3z975eMdASDEqfac"}}, {"model": "checkout.order", "pk": 23, "fields": {"order_number": "86B85502DA7E499A95FE2B09D25D1FB2", "user_profile": null, "name": "james farr", "email": "jamesfarr1@sky.com", "phone_number": "01663765491", "country": "GB", "postcode": "SK6 8BN", "address_line1": "37 Balmoral Drive", "address_line2": "high lane", "town_or_city": "Stockport", "state_or_county": "Not Specified", "date": "2021-03-28T22:56:31.793Z", "delivery_cost": "0.00", "member_discount": "687.56", "order_total": "5500.47", "grand_total": "0.00", "original_shoppingcart": "{\"4\": 1}", "stripe_pid": "pi_1Ia7WTFD3z975eMdaRjTNhZ2"}}, {"model": "checkout.order", "pk": 24, "fields": {"order_number": "DE8E156C872A40A9993083DBD20D394D", "user_profile": null, "name": "james farr", "email": "jamesfarr1@sky.com", "phone_number": "01663765491", "country": "GB", "postcode": "SK6 8BN", "address_line1": "37 Balmoral Drive", "address_line2": "high lane", "town_or_city": "Stockport", "state_or_county": "Not Specified", "date": "2021-03-29T09:06:11.310Z", "delivery_cost": "0.00", "member_discount": "0.00", "order_total": "0.00", "grand_total": "0.00", "original_shoppingcart": "{\"4\": 1}", "stripe_pid": "pi_1IaH2kFD3z975eMdsrI4y3HB"}}, {"model": "checkout.order", "pk": 25, "fields": {"order_number": "799B7B519F9142E6A216FAEEAB087D68", "user_profile": null, "name": "james farr", "email": "jamesfarr1@sky.com", "phone_number": "01663765491", "country": "GB", "postcode": "SK6 8BN", "address_line1": "37 Balmoral Drive", "address_line2": "high lane", "town_or_city": "Stockport", "state_or_county": "Not Specified", "date": "2021-03-29T09:48:55.714Z", "delivery_cost": "0.00", "member_discount": "0.00", "order_total": "0.00", "grand_total": "0.00", "original_shoppingcart": "{\"4\": 1}", "stripe_pid": "pi_1IaH2kFD3z975eMdsrI4y3HB"}}, {"model": "checkout.order", "pk": 26, "fields": {"order_number": "BFD56CEFF71A43689643E9433E2FCA4D", "user_profile": null, "name": "james farr", "email": "jamesfarr1@sky.com", "phone_number": "01663765491", "country": "GB", "postcode": "SK6 8BN", "address_line1": "37 Balmoral Drive", "address_line2": "high lane", "town_or_city": "Stockport", "state_or_county": "Not Specified", "date": "2021-03-29T09:49:17.847Z", "delivery_cost": "0.00", "member_discount": "0.00", "order_total": "0.00", "grand_total": "0.00", "original_shoppingcart": "{\"4\": 1}", "stripe_pid": "pi_1IaHiSFD3z975eMdiC1Guqav"}}, {"model": "checkout.order", "pk": 27, "fields": {"order_number": "3A879584288C419F8A5B5186C22C252C", "user_profile": null, "name": "james farr", "email": "jamesfarr1@sky.com", "phone_number": "01663765491", "country": "GB", "postcode": "SK6 8BN", "address_line1": "37 Balmoral Drive", "address_line2": "high lane", "town_or_city": "Stockport", "state_or_county": "Not Specified", "date": "2021-03-29T09:54:21.193Z", "delivery_cost": "0.00", "member_discount": "0.00", "order_total": "0.00", "grand_total": "0.00", "original_shoppingcart": "{\"4\": 1}", "stripe_pid": "pi_1IaHnNFD3z975eMdDO5WYdBJ"}}, {"model": "checkout.order", "pk": 29, "fields": {"order_number": "6BA5CCF0A2CA4E9595715017508FBDC6", "user_profile": null, "name": "james farr", "email": "jamesfarr1@sky.com", "phone_number": "01663765491", "country": "GB", "postcode": "SK6 8BN", "address_line1": "37 Balmoral Drive", "address_line2": "high lane", "town_or_city": "Stockport", "state_or_county": "Not Specified", "date": "2021-03-29T09:56:48.569Z", "delivery_cost": "0.00", "member_discount": "0.00", "order_total": "0.00", "grand_total": "0.00", "original_shoppingcart": "{\"4\": 1}", "stripe_pid": "pi_1IaHnNFD3z975eMdDO5WYdBJ"}}, {"model": "checkout.order", "pk": 31, "fields": {"order_number": "4890BC0E46C4469594FCA52543225A26", "user_profile": null, "name": "james farr", "email": "jamesfarr1@sky.com", "phone_number": "01663765491", "country": "GB", "postcode": "SK6 8BN", "address_line1": "37 Balmoral Drive", "address_line2": "high lane", "town_or_city": "Stockport", "state_or_county": "Not Specified", "date": "2021-03-29T10:20:22.135Z", "delivery_cost": "0.00", "member_discount": "0.00", "order_total": "0.00", "grand_total": "0.00", "original_shoppingcart": "{\"4\": 1}", "stripe_pid": "pi_1IaHnNFD3z975eMdDO5WYdBJ"}}, {"model": "checkout.order", "pk": 32, "fields": {"order_number": "50C83D256D494D0A87AA6E60CCC55267", "user_profile": null, "name": "james farr", "email": "jamesfarr1@sky.com", "phone_number": "01663765491", "country": "GB", "postcode": "SK6 8BN", "address_line1": "37 Balmoral Drive", "address_line2": "high lane", "town_or_city": "Stockport", "state_or_county": "Not Specified", "date": "2021-03-29T10:23:15.490Z", "delivery_cost": "0.00", "member_discount": "0.00", "order_total": "0.00", "grand_total": "0.00", "original_shoppingcart": "{\"4\": 1}", "stripe_pid": "pi_1IaHnNFD3z975eMdDO5WYdBJ"}}, {"model": "checkout.order", "pk": 33, "fields": {"order_number": "EE6B1894DB5E48A8928C564E4E6EB1BB", "user_profile": null, "name": "james farr", "email": "jamesfarr1@sky.com", "phone_number": "01663765491", "country": "GB", "postcode": "SK6 8BN", "address_line1": "37 Balmoral Drive", "address_line2": "high lane", "town_or_city": "Stockport", "state_or_county": "Not Specified", "date": "2021-03-29T10:25:08.279Z", "delivery_cost": "0.00", "member_discount": "0.00", "order_total": "0.00", "grand_total": "0.00", "original_shoppingcart": "{\"4\": 1}", "stripe_pid": "pi_1IaHnNFD3z975eMdDO5WYdBJ"}}, {"model": "checkout.order", "pk": 34, "fields": {"order_number": "32D3685E8859444EAA1DE7C0BBDE44A4", "user_profile": null, "name": "james farr", "email": "jamesfarr1@sky.com", "phone_number": "01663765491", "country": "GB", "postcode": "SK6 8BN", "address_line1": "37 Balmoral Drive", "address_line2": "high lane", "town_or_city": "Stockport", "state_or_county": "Not Specified", "date": "2021-03-29T10:27:03.409Z", "delivery_cost": "0.00", "member_discount": "0.00", "order_total": "0.00", "grand_total": "0.00", "original_shoppingcart": "{\"4\": 1}", "stripe_pid": "pi_1IaHnNFD3z975eMdDO5WYdBJ"}}, {"model": "checkout.order", "pk": 35, "fields": {"order_number": "74EE2926F25343FD837EEC76C82FF60A", "user_profile": null, "name": "james farr", "email": "jamesfarr1@sky.com", "phone_number": "01663765491", "country": "GB", "postcode": "SK6 8BN", "address_line1": "37 Balmoral Drive", "address_line2": "high lane", "town_or_city": "Stockport", "state_or_county": "Not Specified", "date": "2021-03-29T10:32:12.186Z", "delivery_cost": "0.00", "member_discount": "0.00", "order_total": "0.00", "grand_total": "0.00", "original_shoppingcart": "{\"4\": 1}", "stripe_pid": "pi_1IaHnNFD3z975eMdDO5WYdBJ"}}, {"model": "checkout.order", "pk": 36, "fields": {"order_number": "27CA9E2ABE82488CBC7342AFBD03AC05", "user_profile": null, "name": "james farr", "email": "jamesfarr1@sky.com", "phone_number": "01663765491", "country": "GB", "postcode": "SK6 8BN", "address_line1": "37 Balmoral Drive", "address_line2": "high lane", "town_or_city": "Stockport", "state_or_county": "Not Specified", "date": "2021-03-29T10:36:15.151Z", "delivery_cost": "0.00", "member_discount": "687.56", "order_total": "5500.47", "grand_total": "0.00", "original_shoppingcart": "{\"4\": 1}", "stripe_pid": "pi_1IaHnNFD3z975eMdDO5WYdBJ"}}, {"model": "checkout.order", "pk": 37, "fields": {"order_number": "7869497A0F5E46FD9A1E54BC24977AB4", "user_profile": null, "name": "james farr", "email": "jamesfarr1@sky.com", "phone_number": "01663765491", "country": "GB", "postcode": "SK6 8BN", "address_line1": "37 Balmoral Drive", "address_line2": "high lane", "town_or_city": "Stockport", "state_or_county": "Not Specified", "date": "2021-03-29T10:48:57.461Z", "delivery_cost": "0.00", "member_discount": "687.56", "order_total": "5500.47", "grand_total": "5500.47", "original_shoppingcart": "{\"4\": 1}", "stripe_pid": "pi_1IaHiSFD3z975eMdiC1Guqav"}}, {"model": "checkout.order", "pk": 38, "fields": {"order_number": "2536F395DC8645239C61A64F36F0508A", "user_profile": null, "name": "james farr", "email": "jamesfarr1@sky.com", "phone_number": "01663765491", "country": "GB", "postcode": "SK6 8BN", "address_line1": "37 Balmoral Drive", "address_line2": "high lane", "town_or_city": "Stockport", "state_or_county": "Not Specified", "date": "2021-03-29T10:53:54.983Z", "delivery_cost": "0.00", "member_discount": "687.56", "order_total": "5500.47", "grand_total": "5500.47", "original_shoppingcart": "{\"4\": 1}", "stripe_pid": "pi_1IaHnNFD3z975eMdDO5WYdBJ"}}, {"model": "checkout.order", "pk": 39, "fields": {"order_number": "3E835694EFCF4935B9FA5ABE2C501220", "user_profile": 1, "name": "james farr", "email": "jamesfarr1@sky.com", "phone_number": "01663765491", "country": "GB", "postcode": "SK6 8BN", "address_line1": "37 Balmoral Drive", "address_line2": "high lane", "town_or_city": "Stockport", "state_or_county": "Not Specified", "date": "2021-03-29T17:12:45.684Z", "delivery_cost": "6.45", "member_discount": "16.12", "order_total": "128.99", "grand_total": "135.44", "original_shoppingcart": "{\"7\": 1}", "stripe_pid": "pi_1IaOddFD3z975eMdPkPHhNHt"}}, {"model": "checkout.order", "pk": 40, "fields": {"order_number": "F765B4AC754D424CB2890216CD1DF5F5", "user_profile": 1, "name": "james farr", "email": "jamesfarr1@sky.com", "phone_number": "01663765491", "country": "GB", "postcode": "SK6 8BN", "address_line1": "37 Balmoral Drive", "address_line2": "high lane", "town_or_city": "Stockport", "state_or_county": "Not Specified", "date": "2021-03-29T17:12:51.386Z", "delivery_cost": "6.45", "member_discount": "16.12", "order_total": "128.99", "grand_total": "135.44", "original_shoppingcart": "{\"7\": 1}", "stripe_pid": "pi_1IaOddFD3z975eMdPkPHhNHt"}}, {"model": "checkout.order", "pk": 41, "fields": {"order_number": "3154B0579EFB45E0981F640D69D46270", "user_profile": 1, "name": "james farr", "email": "jamesfarr1@sky.com", "phone_number": "01663765491", "country": "GB", "postcode": "SK6 8BN", "address_line1": "37 Balmoral Drive", "address_line2": "high lane", "town_or_city": "Stockport", "state_or_county": "Not Specified", "date": "2021-03-29T17:19:26.124Z", "delivery_cost": "0.00", "member_discount": "687.56", "order_total": "5500.47", "grand_total": "5500.47", "original_shoppingcart": "{\"4\": 1}", "stripe_pid": "pi_1IaOk5FD3z975eMdQkuK6nvD"}}, {"model": "checkout.order", "pk": 42, "fields": {"order_number": "57E56A401AB540A7A624904F79371C02", "user_profile": 1, "name": "james farr", "email": "jamesfarr1@sky.com", "phone_number": "01663765491", "country": "GB", "postcode": "SK6 8BN", "address_line1": "37 Balmoral Drive", "address_line2": "high lane", "town_or_city": "Stockport", "state_or_county": "Not Specified", "date": "2021-03-29T17:19:31.823Z", "delivery_cost": "0.00", "member_discount": "687.56", "order_total": "5500.47", "grand_total": "5500.47", "original_shoppingcart": "{\"4\": 1}", "stripe_pid": "pi_1IaOk5FD3z975eMdQkuK6nvD"}}, {"model": "checkout.order", "pk": 43, "fields": {"order_number": "1B33B68E2EC64354BDCF209B31B5B5D3", "user_profile": 1, "name": "james farr", "email": "jamesfarr1@sky.com", "phone_number": "01663765491", "country": "GB", "postcode": "SK6 8BN", "address_line1": "37 Balmoral Drive", "address_line2": "high lane", "town_or_city": "Stockport", "state_or_county": "Not Specified", "date": "2021-03-29T17:24:44.619Z", "delivery_cost": "0.00", "member_discount": "687.56", "order_total": "5500.47", "grand_total": "5500.47", "original_shoppingcart": "{\"4\": 1}", "stripe_pid": "pi_1IaOpBFD3z975eMdYd2u4jEr"}}, {"model": "checkout.order", "pk": 44, "fields": {"order_number": "B1AFE1CBAFA2498F85D78593B7042132", "user_profile": 1, "name": "james farr", "email": "jamesfarr1@sky.com", "phone_number": "01663765491", "country": "GB", "postcode": "SK6 8BN", "address_line1": "37 Balmoral Drive", "address_line2": "high lane", "town_or_city": "Stockport", "state_or_county": "Not Specified", "date": "2021-03-29T17:24:50.460Z", "delivery_cost": "0.00", "member_discount": "687.56", "order_total": "5500.47", "grand_total": "5500.47", "original_shoppingcart": "{\"4\": 1}", "stripe_pid": "pi_1IaOpBFD3z975eMdYd2u4jEr"}}, {"model": "checkout.order", "pk": 45, "fields": {"order_number": "EEDDD79D24DB4B1984A895E2C443102E", "user_profile": 1, "name": "james farr", "email": "jamesfarr1@sky.com", "phone_number": "01663765491", "country": "GB", "postcode": "SK6 8BN", "address_line1": "37 Balmoral Drive", "address_line2": "high lane", "town_or_city": "Stockport", "state_or_county": "Not Specified", "date": "2021-03-29T17:26:04.953Z", "delivery_cost": "0.00", "member_discount": "687.56", "order_total": "5500.47", "grand_total": "4812.91", "original_shoppingcart": "{\"4\": 1}", "stripe_pid": "pi_1IaOpZFD3z975eMdugMTjz60"}}, {"model": "checkout.order", "pk": 46, "fields": {"order_number": "5C8C22805D1B42F6BCC376C7E74E2344", "user_profile": 1, "name": "james farr", "email": "jamesfarr1@sky.com", "phone_number": "01663765491", "country": "GB", "postcode": "SK6 8BN", "address_line1": "37 Balmoral Drive", "address_line2": "high lane", "town_or_city": "Stockport", "state_or_county": "Not Specified", "date": "2021-03-29T17:26:10.893Z", "delivery_cost": "0.00", "member_discount": "687.56", "order_total": "5500.47", "grand_total": "5500.47", "original_shoppingcart": "{\"4\": 1}", "stripe_pid": "pi_1IaOpZFD3z975eMdugMTjz60"}}, {"model": "checkout.order", "pk": 47, "fields": {"order_number": "632D41D1AD5740F9AFBD119E84A3FEF4", "user_profile": 1, "name": "james farr", "email": "jamesfarr1@sky.com", "phone_number": "01663765491", "country": "GB", "postcode": "SK6 8BN", "address_line1": "37 Balmoral Drive", "address_line2": "high lane", "town_or_city": "Stockport", "state_or_county": "Not Specified", "date": "2021-03-29T18:18:46.492Z", "delivery_cost": "62.55", "member_discount": "156.37", "order_total": "1250.99", "grand_total": "1157.17", "original_shoppingcart": "{\"6\": 1}", "stripe_pid": "pi_1IaPfSFD3z975eMd6cpZFIlB"}}, {"model": "checkout.orderlineitem", "pk": 23, "fields": {"order": 23, "watch": 4, "quantity": 1, "lineitem_total": "5500.47"}}, {"model": "checkout.orderlineitem", "pk": 24, "fields": {"order": 24, "watch": 4, "quantity": 1, "lineitem_total": "5500.47"}}, {"model": "checkout.orderlineitem", "pk": 25, "fields": {"order": 25, "watch": 4, "quantity": 1, "lineitem_total": "5500.47"}}, {"model": "checkout.orderlineitem", "pk": 26, "fields": {"order": 26, "watch": 4, "quantity": 1, "lineitem_total": "5500.47"}}, {"model": "checkout.orderlineitem", "pk": 27, "fields": {"order": 27, "watch": 4, "quantity": 1, "lineitem_total": "5500.47"}}, {"model": "checkout.orderlineitem", "pk": 29, "fields": {"order": 29, "watch": 4, "quantity": 1, "lineitem_total": "5500.47"}}, {"model": "checkout.orderlineitem", "pk": 31, "fields": {"order": 31, "watch": 4, "quantity": 1, "lineitem_total": "5500.47"}}, {"model": "checkout.orderlineitem", "pk": 32, "fields": {"order": 32, "watch": 4, "quantity": 1, "lineitem_total": "5500.47"}}, {"model": "checkout.orderlineitem", "pk": 33, "fields": {"order": 33, "watch": 4, "quantity": 1, "lineitem_total": "5500.47"}}, {"model": "checkout.orderlineitem", "pk": 34, "fields": {"order": 34, "watch": 4, "quantity": 1, "lineitem_total": "5500.47"}}, {"model": "checkout.orderlineitem", "pk": 35, "fields": {"order": 35, "watch": 4, "quantity": 1, "lineitem_total": "5500.47"}}, {"model": "checkout.orderlineitem", "pk": 36, "fields": {"order": 36, "watch": 4, "quantity": 1, "lineitem_total": "5500.47"}}, {"model": "checkout.orderlineitem", "pk": 37, "fields": {"order": 37, "watch": 4, "quantity": 1, "lineitem_total": "5500.47"}}, {"model": "checkout.orderlineitem", "pk": 38, "fields": {"order": 38, "watch": 4, "quantity": 1, "lineitem_total": "5500.47"}}, {"model": "checkout.orderlineitem", "pk": 39, "fields": {"order": 39, "watch": 7, "quantity": 1, "lineitem_total": "128.99"}}, {"model": "checkout.orderlineitem", "pk": 40, "fields": {"order": 40, "watch": 7, "quantity": 1, "lineitem_total": "128.99"}}, {"model": "checkout.orderlineitem", "pk": 41, "fields": {"order": 41, "watch": 4, "quantity": 1, "lineitem_total": "5500.47"}}, {"model": "checkout.orderlineitem", "pk": 42, "fields": {"order": 42, "watch": 4, "quantity": 1, "lineitem_total": "5500.47"}}, {"model": "checkout.orderlineitem", "pk": 43, "fields": {"order": 43, "watch": 4, "quantity": 1, "lineitem_total": "5500.47"}}, {"model": "checkout.orderlineitem", "pk": 44, "fields": {"order": 44, "watch": 4, "quantity": 1, "lineitem_total": "5500.47"}}, {"model": "checkout.orderlineitem", "pk": 45, "fields": {"order": 45, "watch": 4, "quantity": 1, "lineitem_total": "5500.47"}}, {"model": "checkout.orderlineitem", "pk": 46, "fields": {"order": 46, "watch": 4, "quantity": 1, "lineitem_total": "5500.47"}}, {"model": "checkout.orderlineitem", "pk": 47, "fields": {"order": 47, "watch": 6, "quantity": 1, "lineitem_total": "1250.99"}}, {"model": "profiles.userprofile", "pk": 1, "fields": {"user": 2, "default_phone_number": "01663765491", "default_address_line1": "37 Balmoral Drive", "default_address_line2": "high lane", "default_town_or_city": "Stockport", "default_state_or_county": "Not Specified", "default_postcode": "SK6 8BN", "default_country": "GB"}}, {"model": "profiles.userprofile", "pk": 2, "fields": {"user": 3, "default_phone_number": "01663765491", "default_address_line1": "37 Balmoral Drive", "default_address_line2": "high lane", "default_town_or_city": "Stockport", "default_state_or_county": "Not Specified", "default_postcode": "SK6 8BN", "default_country": "GB"}}, {"model": "profiles.userprofile", "pk": 4, "fields": {"user": 5, "default_phone_number": null, "default_address_line1": null, "default_address_line2": null, "default_town_or_city": null, "default_state_or_county": null, "default_postcode": null, "default_country": null}}, {"model": "profiles.userprofile", "pk": 5, "fields": {"user": 6, "default_phone_number": null, "default_address_line1": null, "default_address_line2": null, "default_town_or_city": null, "default_state_or_county": null, "default_postcode": null, "default_country": null}}, {"model": "profiles.userprofile", "pk": 6, "fields": {"user": 7, "default_phone_number": null, "default_address_line1": null, "default_address_line2": null, "default_town_or_city": null, "default_state_or_county": null, "default_postcode": null, "default_country": null}}, {"model": "profiles.userprofile", "pk": 7, "fields": {"user": 8, "default_phone_number": null, "default_address_line1": null, "default_address_line2": null, "default_town_or_city": null, "default_state_or_county": null, "default_postcode": null, "default_country": null}}, {"model": "profiles.userprofile", "pk": 8, "fields": {"user": 9, "default_phone_number": null, "default_address_line1": null, "default_address_line2": null, "default_town_or_city": null, "default_state_or_county": null, "default_postcode": null, "default_country": null}}, {"model": "blog.post", "pk": 1, "fields": {"publish_date": "2021-03-25T00:35:59.992Z", "title": "My First Blog", "title_tag": "Test 1", "info": "Summary", "author": 5, "blog_image": "watch3_GC2DbCh.jpg", "subheading1": "Subheading", "main_content1": "Main Content", "subheading2": "Subheading2", "main_content2": "Main Content2", "subheading3": "Subheading3", "main_content3": "Main Content3", "main_content_extra": "Main Content Extra", "likes": [5]}}, {"model": "blog.post", "pk": 2, "fields": {"publish_date": "2021-03-25T17:31:28.276Z", "title": "Mi Segundo Blog", "title_tag": "Mi Primer Blog en español!", "info": "Summary", "author": 2, "blog_image": "watch3_XdkDHPL.jpg", "subheading1": "Subheading", "main_content1": "Main Content", "subheading2": "Subheading2", "main_content2": "Main Content2", "subheading3": "Subheading3", "main_content3": "Main Content3", "main_content_extra": "Main Content Extra", "likes": [5]}}, {"model": "blog.comment", "pk": 8, "fields": {"post": 1, "name": "Test1", "comment": "Hola! Este comentario es una prueba!", "date_added": "2021-03-29T00:00:06.357Z"}}, {"model": "blog.comment", "pk": 10, "fields": {"post": 2, "name": "Test1", "comment": "Lorem Ipsum dolor sit amet, consectetur adipiscing elit, sed do eiusmod tempor incididunt ut labore et dolore magna aliqua. Ut enim ad minim veniam, quis nostrud exercitation ullamco laboris nisi ut aliquip ex ea commodo consequat. Duis aute irure dolor in reprehenderit in voluptate velit esse cillum dolore eu fugiat nulla pariatur. Excepteur sint occaecat cupidatat non proident, sunt in culpa qui officia deserunt mollit anim id est laborum.", "date_added": "2021-03-29T16:05:01.972Z"}}, {"model": "blog.comment", "pk": 11, "fields": {"post": 2, "name": "Test 3", "comment": "This is a third test", "date_added": "2021-03-29T20:46:47.390Z"}}]